{"test_dir_2": {"test_file_0.txt": 1652196609.523949}, "test_dir_1": {"test_file_3.txt": 1652196609.523386, "test_dir_2": {}, "test_dir_4": {"test_file_1.txt": 1652196609.5235765, "test_file_0.txt": 1652196609.523513, "test_dir_2": {"test_file_0.txt": 1652196609.5236957, "test_dir_1": {"test_file_0.txt": 1652196609.5238204}}}, "test_dir_1": {}, "test_dir_0": {"test_dir_2": {"test_dir_1": {"test_file_1.txt": 1652196609.5229952, "test_file_0.txt": 1652196609.522931, "test_file_2.txt": 1652196609.5230584}, "test_dir_0": {}}, "test_dir_3": {"test_file_0.txt": 1652196609.5231864}, "test_dir_1": {"test_file_1.txt": 1652196609.522214, "test_dir_2": {"test_file_1.txt": 1652196609.5224335, "test_file_0.txt": 1652196609.522354, "test_file_2.txt": 1652196609.5225034, "test_file_3.txt": 1652196609.5225906, "test_file_4.txt": 1652196609.5226598}, "test_dir_0": {"test_file_1.txt": 1652196609.5219686, "test_file_0.txt": 1652196609.5218878, "test_file_2.txt": 1652196609.5220475, "test_file_3.txt": 1652196609.522126}}, "test_dir_0": {"test_file_1.txt": 1652196609.5213928, "test_dir_2": {"test_file_1.txt": 1652196609.5216427, "test_file_0.txt": 1652196609.5215611}, "test_dir_0": {"test_file_1.txt": 1652196609.5213146, "test_file_0.txt": 1652196609.5212133}}}}, "test_dir_0": {"test_file_0.txt": 1652196609.5207639}}